"Data Source","World Development Indicators",

"Last Updated Date","2020-10-13",

"Country Name","Country Code","Indicator Name","Indicator Code","1960","1961","1962","1963","1964","1965","1966","1967","1968","1969","1970","1971","1972","1973","1974","1975","1976","1977","1978","1979","1980","1981","1982","1983","1984","1985","1986","1987","1988","1989","1990","1991","1992","1993","1994","1995","1996","1997","1998","1999","2000","2001","2002","2003","2004","2005","2006","2007","2008","2009","2010","2011","2012","2013","2014","2015","2016","2017","2018","2019","2020",
"Aruba","ABW","Suicide mortality rate (per 100,000 population)","SH.STA.SUIC.P5","","","","","","","","","","","","","","","","","","","","","","","","","","","","","","","","","","","","","","","","","","","","","","","","","","","","","","","","","","","","","",
"Afghanistan","AFG","Suicide mortality rate (per 100,000 population)","SH.STA.SUIC.P5","","","","","","","","","","","","","","","","","","","","","","","","","","","","","","","","","","","","","","","","","5.7","","","","","6.3","","","","","5.1","","","","","4.8","4.7","","","","",
"Angola","AGO","Suicide mortality rate (per 100,000 population)","SH.STA.SUIC.P5","","","","","","","","","","","","","","","","","","","","","","","","","","","","","","","","","","","","","","","","","7.9","","","","","7.2","","","","","5.7","","","","","5","4.7","","","","",
"Albania","ALB","Suicide mortality rate (per 100,000 population)","SH.STA.SUIC.P5","","","","","","","","","","","","","","","","","","","","","","","","","","","","","","","","","","","","","","","","","5.5","","","","","6.7","","","","","7.8","","","","","6","6.3","","","","",
"Andorra","AND","Suicide mortality rate (per 100,000 population)","SH.STA.SUIC.P5","","","","","","","","","","","","","","","","","","","","","","","","","","","","","","","","","","","","","","","","","","","","","","","","","","","","","","","","","","","","","",
"Arab World","ARB","Suicide mortality rate (per 100,000 population)","SH.STA.SUIC.P5","","","","","","","","","","","","","","","","","","","","","","","","","","","","","","","","","","","","","","","","","4.32612451050338","","","","","4.30855385231312","","","","","4.20444242654213","","","","","4.20620092747724","4.2719116150766","","","","",
"United Arab Emirates","ARE","Suicide mortality rate (per 100,000 population)","SH.STA.SUIC.P5","","","","","","","","","","","","","","","","","","","","","","","","","","","","","","","","","","","","","","","","","3.2","","","","","3.1","","","","","3","","","","","2.8","2.8","","","","",
"Argentina","ARG","Suicide mortality rate (per 100,000 population)","SH.STA.SUIC.P5","","","","","","","","","","","","","","","","","","","","","","","","","","","","","","","","","","","","","","","","","9.5","","","","","9","","","","","8.7","","","","","8.8","9.2","","","","",
"Armenia","ARM","Suicide mortality rate (per 100,000 population)","SH.STA.SUIC.P5","","","","","","","","","","","","","","","","","","","","","","","","","","","","","","","","","","","","","","","","","3.3","","","","","4.4","","","","","6","","","","","7","6.6","","","","",
"American Samoa","ASM","Suicide mortality rate (per 100,000 population)","SH.STA.SUIC.P5","","","","","","","","","","","","","","","","","","","","","","","","","","","","","","","","","","","","","","","","","","","","","","","","","","","","","","","","","","","","","",
"Antigua and Barbuda","ATG","Suicide mortality rate (per 100,000 population)","SH.STA.SUIC.P5","","","","","","","","","","","","","","","","","","","","","","","","","","","","","","","","","","","","","","","","","2","","","","","1.2","","","","","0.3","","","","","0.8","0.5","","","","",
"Australia","AUS","Suicide mortality rate (per 100,000 population)","SH.STA.SUIC.P5","","","","","","","","","","","","","","","","","","","","","","","","","","","","","","","","","","","","","","","","","13.2","","","","","12.3","","","","","12.5","","","","","13.8","13.2","","","","",
"Austria","AUT","Suicide mortality rate (per 100,000 population)","SH.STA.SUIC.P5","","","","","","","","","","","","","","","","","","","","","","","","","","","","","","","","","","","","","","","","","20","","","","","17.3","","","","","16","","","","","16","15.6","","","","",
"Azerbaijan","AZE","Suicide mortality rate (per 100,000 population)","SH.STA.SUIC.P5","","","","","","","","","","","","","","","","","","","","","","","","","","","","","","","","","","","","","","","","","2.2","","","","","3.2","","","","","3.1","","","","","2.7","2.6","","","","",
"Burundi","BDI","Suicide mortality rate (per 100,000 population)","SH.STA.SUIC.P5","","","","","","","","","","","","","","","","","","","","","","","","","","","","","","","","","","","","","","","","","7.1","","","","","8.4","","","","","9","","","","","8.9","9.1","","","","",
"Belgium","BEL","Suicide mortality rate (per 100,000 population)","SH.STA.SUIC.P5","","","","","","","","","","","","","","","","","","","","","","","","","","","","","","","","","","","","","","","","","22.7","","","","","21.2","","","","","21.3","","","","","20.1","20.7","","","","",
"Benin","BEN","Suicide mortality rate (per 100,000 population)","SH.STA.SUIC.P5","","","","","","","","","","","","","","","","","","","","","","","","","","","","","","","","","","","","","","","","","9.5","","","","","9.7","","","","","9.6","","","","","9.9","9.9","","","","",
"Burkina Faso","BFA","Suicide mortality rate (per 100,000 population)","SH.STA.SUIC.P5","","","","","","","","","","","","","","","","","","","","","","","","","","","","","","","","","","","","","","","","","8.2","","","","","7.6","","","","","7.5","","","","","7.7","7.7","","","","",
"Bangladesh","BGD","Suicide mortality rate (per 100,000 population)","SH.STA.SUIC.P5","","","","","","","","","","","","","","","","","","","","","","","","","","","","","","","","","","","","","","","","","6.7","","","","","6.3","","","","","6.4","","","","","6.1","5.9","","","","",
"Bulgaria","BGR","Suicide mortality rate (per 100,000 population)","SH.STA.SUIC.P5","","","","","","","","","","","","","","","","","","","","","","","","","","","","","","","","","","","","","","","","","18.5","","","","","13.4","","","","","12.5","","","","","11.4","11.5","","","","",
"Bahrain","BHR","Suicide mortality rate (per 100,000 population)","SH.STA.SUIC.P5","","","","","","","","","","","","","","","","","","","","","","","","","","","","","","","","","","","","","","","","","6.7","","","","","7","","","","","5.2","","","","","5.9","5.9","","","","",
"Bahamas, The","BHS","Suicide mortality rate (per 100,000 population)","SH.STA.SUIC.P5","","","","","","","","","","","","","","","","","","","","","","","","","","","","","","","","","","","","","","","","","2","","","","","2.2","","","","","2","","","","","1.8","1.7","","","","",
"Bosnia and Herzegovina","BIH","Suicide mortality rate (per 100,000 population)","SH.STA.SUIC.P5","","","","","","","","","","","","","","","","","","","","","","","","","","","","","","","","","","","","","","","","","10.7","","","","","9.3","","","","","8","","","","","8.9","8.8","","","","",
"Belarus","BLR","Suicide mortality rate (per 100,000 population)","SH.STA.SUIC.P5","","","","","","","","","","","","","","","","","","","","","","","","","","","","","","","","","","","","","","","","","43.1","","","","","45.1","","","","","38.2","","","","","26.3","26.2","","","","",
"Belize","BLZ","Suicide mortality rate (per 100,000 population)","SH.STA.SUIC.P5","","","","","","","","","","","","","","","","","","","","","","","","","","","","","","","","","","","","","","","","","5.5","","","","","4.9","","","","","4.9","","","","","4.8","4.7","","","","",
"Bermuda","BMU","Suicide mortality rate (per 100,000 population)","SH.STA.SUIC.P5","","","","","","","","","","","","","","","","","","","","","","","","","","","","","","","","","","","","","","","","","","","","","","","","","","","","","","","","","","","","","",
"Bolivia","BOL","Suicide mortality rate (per 100,000 population)","SH.STA.SUIC.P5","","","","","","","","","","","","","","","","","","","","","","","","","","","","","","","","","","","","","","","","","16.4","","","","","15.3","","","","","14.1","","","","","12.4","12.2","","","","",
"Brazil","BRA","Suicide mortality rate (per 100,000 population)","SH.STA.SUIC.P5","","","","","","","","","","","","","","","","","","","","","","","","","","","","","","","","","","","","","","","","","4.8","","","","","5.5","","","","","5.7","","","","","6.5","6.5","","","","",
"Barbados","BRB","Suicide mortality rate (per 100,000 population)","SH.STA.SUIC.P5","","","","","","","","","","","","","","","","","","","","","","","","","","","","","","","","","","","","","","","","","2.1","","","","","3.7","","","","","2.1","","","","","0.7","0.8","","","","",
"Brunei Darussalam","BRN","Suicide mortality rate (per 100,000 population)","SH.STA.SUIC.P5","","","","","","","","","","","","","","","","","","","","","","","","","","","","","","","","","","","","","","","","","2.8","","","","","3.3","","","","","3.7","","","","","4.5","4.6","","","","",
"Bhutan","BTN","Suicide mortality rate (per 100,000 population)","SH.STA.SUIC.P5","","","","","","","","","","","","","","","","","","","","","","","","","","","","","","","","","","","","","","","","","12.4","","","","","12.2","","","","","11.1","","","","","11.6","11.4","","","","",
"Botswana","BWA","Suicide mortality rate (per 100,000 population)","SH.STA.SUIC.P5","","","","","","","","","","","","","","","","","","","","","","","","","","","","","","","","","","","","","","","","","11.8","","","","","12.6","","","","","11.1","","","","","9.7","9.3","","","","",
"Central African Republic","CAF","Suicide mortality rate (per 100,000 population)","SH.STA.SUIC.P5","","","","","","","","","","","","","","","","","","","","","","","","","","","","","","","","","","","","","","","","","8.8","","","","","8.8","","","","","9.5","","","","","8.1","7.7","","","","",
"Canada","CAN","Suicide mortality rate (per 100,000 population)","SH.STA.SUIC.P5","","","","","","","","","","","","","","","","","","","","","","","","","","","","","","","","","","","","","","","","","13","","","","","13.2","","","","","13","","","","","12.5","12.5","","","","",
"Central Europe and the Baltics","CEB","Suicide mortality rate (per 100,000 population)","SH.STA.SUIC.P5","","","","","","","","","","","","","","","","","","","","","","","","","","","","","","","","","","","","","","","","","19.7160613024379","","","","","18.2381117622446","","","","","18.0954610885635","","","","","15.5787845308009","15.1573109440119","","","","",
"Switzerland","CHE","Suicide mortality rate (per 100,000 population)","SH.STA.SUIC.P5","","","","","","","","","","","","","","","","","","","","","","","","","","","","","","","","","","","","","","","","","21.8","","","","","20.8","","","","","16.2","","","","","17.1","17.2","","","","",
"Channel Islands","CHI","Suicide mortality rate (per 100,000 population)","SH.STA.SUIC.P5","","","","","","","","","","","","","","","","","","","","","","","","","","","","","","","","","","","","","","","","","","","","","","","","","","","","","","","","","","","","","",
"Chile","CHL","Suicide mortality rate (per 100,000 population)","SH.STA.SUIC.P5","","","","","","","","","","","","","","","","","","","","","","","","","","","","","","","","","","","","","","","","","10.9","","","","","10.6","","","","","12.2","","","","","10.9","10.6","","","","",
"China","CHN","Suicide mortality rate (per 100,000 population)","SH.STA.SUIC.P5","","","","","","","","","","","","","","","","","","","","","","","","","","","","","","","","","","","","","","","","","13.2","","","","","11.7","","","","","10.9","","","","","9.6","9.7","","","","",
"Cote d'Ivoire","CIV","Suicide mortality rate (per 100,000 population)","SH.STA.SUIC.P5","","","","","","","","","","","","","","","","","","","","","","","","","","","","","","","","","","","","","","","","","9.5","","","","","11.2","","","","","12.7","","","","","14.4","14.5","","","","",
"Cameroon","CMR","Suicide mortality rate (per 100,000 population)","SH.STA.SUIC.P5","","","","","","","","","","","","","","","","","","","","","","","","","","","","","","","","","","","","","","","","","13.3","","","","","11.9","","","","","11.7","","","","","12.3","12.2","","","","",
"Congo, Dem. Rep.","COD","Suicide mortality rate (per 100,000 population)","SH.STA.SUIC.P5","","","","","","","","","","","","","","","","","","","","","","","","","","","","","","","","","","","","","","","","","6.6","","","","","6.1","","","","","5.5","","","","","5.6","5.7","","","","",
"Congo, Rep.","COG","Suicide mortality rate (per 100,000 population)","SH.STA.SUIC.P5","","","","","","","","","","","","","","","","","","","","","","","","","","","","","","","","","","","","","","","","","10","","","","","9.1","","","","","7.4","","","","","6.1","5.9","","","","",
"Colombia","COL","Suicide mortality rate (per 100,000 population)","SH.STA.SUIC.P5","","","","","","","","","","","","","","","","","","","","","","","","","","","","","","","","","","","","","","","","","7.6","","","","","6.7","","","","","7.2","","","","","8.3","7.2","","","","",
"Comoros","COM","Suicide mortality rate (per 100,000 population)","SH.STA.SUIC.P5","","","","","","","","","","","","","","","","","","","","","","","","","","","","","","","","","","","","","","","","","5.1","","","","","6.5","","","","","6.6","","","","","6.8","6.8","","","","",
"Cabo Verde","CPV","Suicide mortality rate (per 100,000 population)","SH.STA.SUIC.P5","","","","","","","","","","","","","","","","","","","","","","","","","","","","","","","","","","","","","","","","","9.4","","","","","10.1","","","","","11.1","","","","","11","11.3","","","","",
"Costa Rica","CRI","Suicide mortality rate (per 100,000 population)","SH.STA.SUIC.P5","","","","","","","","","","","","","","","","","","","","","","","","","","","","","","","","","","","","","","","","","7.3","","","","","7.9","","","","","8.6","","","","","7.9","7.9","","","","",
"Caribbean small states","CSS","Suicide mortality rate (per 100,000 population)","SH.STA.SUIC.P5","","","","","","","","","","","","","","","","","","","","","","","","","","","","","","","","","","","","","","","","","9.07578579887593","","","","","8.70435801041195","","","","","9.29099450017743","","","","","9.1326955900046","9.10047459901092","","","","",
"Cuba","CUB","Suicide mortality rate (per 100,000 population)","SH.STA.SUIC.P5","","","","","","","","","","","","","","","","","","","","","","","","","","","","","","","","","","","","","","","","","17.4","","","","","13","","","","","14.4","","","","","13.7","13.9","","","","",
"Curacao","CUW","Suicide mortality rate (per 100,000 population)","SH.STA.SUIC.P5","","","","","","","","","","","","","","","","","","","","","","","","","","","","","","","","","","","","","","","","","","","","","","","","","","","","","","","","","","","","","",
"Cayman Islands","CYM","Suicide mortality rate (per 100,000 population)","SH.STA.SUIC.P5","","","","","","","","","","","","","","","","","","","","","","","","","","","","","","","","","","","","","","","","","","","","","","","","","","","","","","","","","","","","","",
"Cyprus","CYP","Suicide mortality rate (per 100,000 population)","SH.STA.SUIC.P5","","","","","","","","","","","","","","","","","","","","","","","","","","","","","","","","","","","","","","","","","2.2","","","","","2.6","","","","","5.7","","","","","4.9","5.3","","","","",
"Czech Republic","CZE","Suicide mortality rate (per 100,000 population)","SH.STA.SUIC.P5","","","","","","","","","","","","","","","","","","","","","","","","","","","","","","","","","","","","","","","","","17","","","","","16.5","","","","","15.4","","","","","13.7","13.1","","","","",
"Germany","DEU","Suicide mortality rate (per 100,000 population)","SH.STA.SUIC.P5","","","","","","","","","","","","","","","","","","","","","","","","","","","","","","","","","","","","","","","","","14.7","","","","","13.6","","","","","13.7","","","","","13.8","13.6","","","","",
"Djibouti","DJI","Suicide mortality rate (per 100,000 population)","SH.STA.SUIC.P5","","","","","","","","","","","","","","","","","","","","","","","","","","","","","","","","","","","","","","","","","5.8","","","","","5.9","","","","","5.2","","","","","6.4","6.7","","","","",
"Dominica","DMA","Suicide mortality rate (per 100,000 population)","SH.STA.SUIC.P5","","","","","","","","","","","","","","","","","","","","","","","","","","","","","","","","","","","","","","","","","","","","","","","","","","","","","","","","","","","","","",
"Denmark","DNK","Suicide mortality rate (per 100,000 population)","SH.STA.SUIC.P5","","","","","","","","","","","","","","","","","","","","","","","","","","","","","","","","","","","","","","","","","16","","","","","16.2","","","","","12.7","","","","","11.9","12.8","","","","",
"Dominican Republic","DOM","Suicide mortality rate (per 100,000 population)","SH.STA.SUIC.P5","","","","","","","","","","","","","","","","","","","","","","","","","","","","","","","","","","","","","","","","","9.1","","","","","8.2","","","","","8","","","","","9.7","9.9","","","","",
"Algeria","DZA","Suicide mortality rate (per 100,000 population)","SH.STA.SUIC.P5","","","","","","","","","","","","","","","","","","","","","","","","","","","","","","","","","","","","","","","","","4.1","","","","","3.8","","","","","3.3","","","","","3.2","3.2","","","","",
"East Asia & Pacific (excluding high income)","EAP","Suicide mortality rate (per 100,000 population)","SH.STA.SUIC.P5","","","","","","","","","","","","","","","","","","","","","","","","","","","","","","","","","","","","","","","","","11.1011149924088","","","","","9.88715798453879","","","","","9.34941710088089","","","","","8.40797296476341","8.469040070272","","","","",
"Early-demographic dividend","EAR","Suicide mortality rate (per 100,000 population)","SH.STA.SUIC.P5","","","","","","","","","","","","","","","","","","","","","","","","","","","","","","","","","","","","","","","","","10.8919415879394","","","","","10.9052561830624","","","","","10.2221368985042","","","","","10.0658836484963","9.93717021583917","","","","",
"East Asia & Pacific","EAS","Suicide mortality rate (per 100,000 population)","SH.STA.SUIC.P5","","","","","","","","","","","","","","","","","","","","","","","","","","","","","","","","","","","","","","","","","12.0668388947108","","","","","11.2209845724383","","","","","10.8390594935478","","","","","9.54517479546125","9.50860320735565","","","","",
"Europe & Central Asia (excluding high income)","ECA","Suicide mortality rate (per 100,000 population)","SH.STA.SUIC.P5","","","","","","","","","","","","","","","","","","","","","","","","","","","","","","","","","","","","","","","","","31.8803654224353","","","","","30.6219148764534","","","","","24.3630590612874","","","","","19.6932939385874","19.0317172989938","","","","",
"Europe & Central Asia","ECS","Suicide mortality rate (per 100,000 population)","SH.STA.SUIC.P5","","","","","","","","","","","","","","","","","","","","","","","","","","","","","","","","","","","","","","","","","21.9875540754547","","","","","20.8671382175922","","","","","17.9996766467295","","","","","15.7927821819888","15.498859238676","","","","",
"Ecuador","ECU","Suicide mortality rate (per 100,000 population)","SH.STA.SUIC.P5","","","","","","","","","","","","","","","","","","","","","","","","","","","","","","","","","","","","","","","","","6.1","","","","","8.9","","","","","8.5","","","","","9.6","7.1","","","","",
"Egypt, Arab Rep.","EGY","Suicide mortality rate (per 100,000 population)","SH.STA.SUIC.P5","","","","","","","","","","","","","","","","","","","","","","","","","","","","","","","","","","","","","","","","","3.3","","","","","3.4","","","","","3.6","","","","","3.8","4","","","","",
"Euro area","EMU","Suicide mortality rate (per 100,000 population)","SH.STA.SUIC.P5","","","","","","","","","","","","","","","","","","","","","","","","","","","","","","","","","","","","","","","","","14.4785006402104","","","","","13.4425908632571","","","","","13.068937399499","","","","","12.9222553334521","12.9531340523849","","","","",
"Eritrea","ERI","Suicide mortality rate (per 100,000 population)","SH.STA.SUIC.P5","","","","","","","","","","","","","","","","","","","","","","","","","","","","","","","","","","","","","","","","","11.6","","","","","10.4","","","","","9","","","","","8.1","7.9","","","","",
"Spain","ESP","Suicide mortality rate (per 100,000 population)","SH.STA.SUIC.P5","","","","","","","","","","","","","","","","","","","","","","","","","","","","","","","","","","","","","","","","","8.6","","","","","8.1","","","","","7","","","","","8.1","8.7","","","","",
"Estonia","EST","Suicide mortality rate (per 100,000 population)","SH.STA.SUIC.P5","","","","","","","","","","","","","","","","","","","","","","","","","","","","","","","","","","","","","","","","","29.5","","","","","22.5","","","","","18.3","","","","","15.8","17.8","","","","",
"Ethiopia","ETH","Suicide mortality rate (per 100,000 population)","SH.STA.SUIC.P5","","","","","","","","","","","","","","","","","","","","","","","","","","","","","","","","","","","","","","","","","8","","","","","7.9","","","","","7.3","","","","","7.2","7.2","","","","",
"European Union","EUU","Suicide mortality rate (per 100,000 population)","SH.STA.SUIC.P5","","","","","","","","","","","","","","","","","","","","","","","","","","","","","","","","","","","","","","","","","15.3059231848469","","","","","14.3099025795488","","","","","14.0233921078482","","","","","13.3607327900874","13.3050095180175","","","","",
"Fragile and conflict affected situations","FCS","Suicide mortality rate (per 100,000 population)","SH.STA.SUIC.P5","","","","","","","","","","","","","","","","","","","","","","","","","","","","","","","","","","","","","","","","","7.77172230839124","","","","","7.46955113697277","","","","","7.24547707028083","","","","","7.13586714469709","7.13475304709226","","","","",
"Finland","FIN","Suicide mortality rate (per 100,000 population)","SH.STA.SUIC.P5","","","","","","","","","","","","","","","","","","","","","","","","","","","","","","","","","","","","","","","","","24.6","","","","","20.4","","","","","18.9","","","","","14.4","15.9","","","","",
"Fiji","FJI","Suicide mortality rate (per 100,000 population)","SH.STA.SUIC.P5","","","","","","","","","","","","","","","","","","","","","","","","","","","","","","","","","","","","","","","","","4.3","","","","","3.5","","","","","4.8","","","","","5","5","","","","",
"France","FRA","Suicide mortality rate (per 100,000 population)","SH.STA.SUIC.P5","","","","","","","","","","","","","","","","","","","","","","","","","","","","","","","","","","","","","","","","","22.3","","","","","21.1","","","","","20.2","","","","","18","17.7","","","","",
"Faroe Islands","FRO","Suicide mortality rate (per 100,000 population)","SH.STA.SUIC.P5","","","","","","","","","","","","","","","","","","","","","","","","","","","","","","","","","","","","","","","","","","","","","","","","","","","","","","","","","","","","","",
"Micronesia, Fed. Sts.","FSM","Suicide mortality rate (per 100,000 population)","SH.STA.SUIC.P5","","","","","","","","","","","","","","","","","","","","","","","","","","","","","","","","","","","","","","","","","10.8","","","","","11.9","","","","","11.1","","","","","11.4","11.1","","","","",
"Gabon","GAB","Suicide mortality rate (per 100,000 population)","SH.STA.SUIC.P5","","","","","","","","","","","","","","","","","","","","","","","","","","","","","","","","","","","","","","","","","6.7","","","","","6.1","","","","","6.9","","","","","7.3","7.1","","","","",
"United Kingdom","GBR","Suicide mortality rate (per 100,000 population)","SH.STA.SUIC.P5","","","","","","","","","","","","","","","","","","","","","","","","","","","","","","","","","","","","","","","","","9.1","","","","","8.2","","","","","7.8","","","","","8.7","8.9","","","","",
"Georgia","GEO","Suicide mortality rate (per 100,000 population)","SH.STA.SUIC.P5","","","","","","","","","","","","","","","","","","","","","","","","","","","","","","","","","","","","","","","","","6","","","","","5","","","","","6.9","","","","","8.1","8.2","","","","",
"Ghana","GHA","Suicide mortality rate (per 100,000 population)","SH.STA.SUIC.P5","","","","","","","","","","","","","","","","","","","","","","","","","","","","","","","","","","","","","","","","","4","","","","","4.3","","","","","4.7","","","","","5.3","5.4","","","","",
"Gibraltar","GIB","Suicide mortality rate (per 100,000 population)","SH.STA.SUIC.P5","","","","","","","","","","","","","","","","","","","","","","","","","","","","","","","","","","","","","","","","","","","","","","","","","","","","","","","","","","","","","",
"Guinea","GIN","Suicide mortality rate (per 100,000 population)","SH.STA.SUIC.P5","","","","","","","","","","","","","","","","","","","","","","","","","","","","","","","","","","","","","","","","","6.3","","","","","6.8","","","","","6.6","","","","","6.4","6.3","","","","",
"Gambia, The","GMB","Suicide mortality rate (per 100,000 population)","SH.STA.SUIC.P5","","","","","","","","","","","","","","","","","","","","","","","","","","","","","","","","","","","","","","","","","6.6","","","","","5.7","","","","","5.1","","","","","5.2","5.1","","","","",
"Guinea-Bissau","GNB","Suicide mortality rate (per 100,000 population)","SH.STA.SUIC.P5","","","","","","","","","","","","","","","","","","","","","","","","","","","","","","","","","","","","","","","","","5","","","","","4.4","","","","","4.2","","","","","3.9","4","","","","",
"Equatorial Guinea","GNQ","Suicide mortality rate (per 100,000 population)","SH.STA.SUIC.P5","","","","","","","","","","","","","","","","","","","","","","","","","","","","","","","","","","","","","","","","","15.5","","","","","13.7","","","","","16.7","","","","","16.5","16.4","","","","",
"Greece","GRC","Suicide mortality rate (per 100,000 population)","SH.STA.SUIC.P5","","","","","","","","","","","","","","","","","","","","","","","","","","","","","","","","","","","","","","","","","3.4","","","","","3.5","","","","","3.3","","","","","4.8","5","","","","",
"Grenada","GRD","Suicide mortality rate (per 100,000 population)","SH.STA.SUIC.P5","","","","","","","","","","","","","","","","","","","","","","","","","","","","","","","","","","","","","","","","","1.9","","","","","2.7","","","","","0.9","","","","","1.1","1.7","","","","",
"Greenland","GRL","Suicide mortality rate (per 100,000 population)","SH.STA.SUIC.P5","","","","","","","","","","","","","","","","","","","","","","","","","","","","","","","","","","","","","","","","","","","","","","","","","","","","","","","","","","","","","",
"Guatemala","GTM","Suicide mortality rate (per 100,000 population)","SH.STA.SUIC.P5","","","","","","","","","","","","","","","","","","","","","","","","","","","","","","","","","","","","","","","","","3.2","","","","","3.2","","","","","2.9","","","","","3.1","2.7","","","","",
"Guam","GUM","Suicide mortality rate (per 100,000 population)","SH.STA.SUIC.P5","","","","","","","","","","","","","","","","","","","","","","","","","","","","","","","","","","","","","","","","","","","","","","","","","","","","","","","","","","","","","",
"Guyana","GUY","Suicide mortality rate (per 100,000 population)","SH.STA.SUIC.P5","","","","","","","","","","","","","","","","","","","","","","","","","","","","","","","","","","","","","","","","","23.4","","","","","24.4","","","","","26.8","","","","","29.1","29.2","","","","",
"High income","HIC","Suicide mortality rate (per 100,000 population)","SH.STA.SUIC.P5","","","","","","","","","","","","","","","","","","","","","","","","","","","","","","","","","","","","","","","","","14.3999606351394","","","","","14.5687643341713","","","","","14.899414837912","","","","","14.2643500638217","14.1502603988768","","","","",
"Hong Kong SAR, China","HKG","Suicide mortality rate (per 100,000 population)","SH.STA.SUIC.P5","","","","","","","","","","","","","","","","","","","","","","","","","","","","","","","","","","","","","","","","","","","","","","","","","","","","","","","","","","","","","",
"Honduras","HND","Suicide mortality rate (per 100,000 population)","SH.STA.SUIC.P5","","","","","","","","","","","","","","","","","","","","","","","","","","","","","","","","","","","","","","","","","2.3","","","","","2.5","","","","","2.5","","","","","2.8","2.9","","","","",
"Heavily indebted poor countries (HIPC)","HPC","Suicide mortality rate (per 100,000 population)","SH.STA.SUIC.P5","","","","","","","","","","","","","","","","","","","","","","","","","","","","","","","","","","","","","","","","","7.91146825940087","","","","","7.51966847400554","","","","","7.1045172515213","","","","","7.05555742860341","7.05860345647299","","","","",
"Croatia","HRV","Suicide mortality rate (per 100,000 population)","SH.STA.SUIC.P5","","","","","","","","","","","","","","","","","","","","","","","","","","","","","","","","","","","","","","","","","21.3","","","","","20.2","","","","","18.6","","","","","17.8","16.5","","","","",
"Haiti","HTI","Suicide mortality rate (per 100,000 population)","SH.STA.SUIC.P5","","","","","","","","","","","","","","","","","","","","","","","","","","","","","","","","","","","","","","","","","8.7","","","","","9.5","","","","","10.2","","","","","11.7","11.7","","","","",
"Hungary","HUN","Suicide mortality rate (per 100,000 population)","SH.STA.SUIC.P5","","","","","","","","","","","","","","","","","","","","","","","","","","","","","","","","","","","","","","","","","32.5","","","","","26.7","","","","","26","","","","","20.3","19.1","","","","",
"IBRD only","IBD","Suicide mortality rate (per 100,000 population)","SH.STA.SUIC.P5","","","","","","","","","","","","","","","","","","","","","","","","","","","","","","","","","","","","","","","","","14.0220952591579","","","","","13.329738328329","","","","","12.1483643018206","","","","","11.2788290307341","11.1529645404827","","","","",
"IDA & IBRD total","IBT","Suicide mortality rate (per 100,000 population)","SH.STA.SUIC.P5","","","","","","","","","","","","","","","","","","","","","","","","","","","","","","","","","","","","","","","","","12.5939980367124","","","","","11.9016105289895","","","","","10.8592697599121","","","","","10.1151552918978","10.0045973425527","","","","",
"IDA total","IDA","Suicide mortality rate (per 100,000 population)","SH.STA.SUIC.P5","","","","","","","","","","","","","","","","","","","","","","","","","","","","","","","","","","","","","","","","","7.30384646185243","","","","","6.94519454364028","","","","","6.6736579027736","","","","","6.56847021708358","6.54989121269027","","","","",
"IDA blend","IDB","Suicide mortality rate (per 100,000 population)","SH.STA.SUIC.P5","","","","","","","","","","","","","","","","","","","","","","","","","","","","","","","","","","","","","","","","","6.96816870534325","","","","","6.56014618135262","","","","","6.40385560369747","","","","","6.29087136723774","6.2674564326782","","","","",
"Indonesia","IDN","Suicide mortality rate (per 100,000 population)","SH.STA.SUIC.P5","","","","","","","","","","","","","","","","","","","","","","","","","","","","","","","","","","","","","","","","","3.9","","","","","3.8","","","","","3.6","","","","","3.4","3.4","","","","",
"IDA only","IDX","Suicide mortality rate (per 100,000 population)","SH.STA.SUIC.P5","","","","","","","","","","","","","","","","","","","","","","","","","","","","","","","","","","","","","","","","","7.47261609975748","","","","","7.13783922855691","","","","","6.80922844292809","","","","","6.70906922345236","6.69305550026928","","","","",
"Isle of Man","IMN","Suicide mortality rate (per 100,000 population)","SH.STA.SUIC.P5","","","","","","","","","","","","","","","","","","","","","","","","","","","","","","","","","","","","","","","","","","","","","","","","","","","","","","","","","","","","","",
"India","IND","Suicide mortality rate (per 100,000 population)","SH.STA.SUIC.P5","","","","","","","","","","","","","","","","","","","","","","","","","","","","","","","","","","","","","","","","","17.4","","","","","17.6","","","","","16.5","","","","","16.5","16.3","","","","",
"Not classified","INX","Suicide mortality rate (per 100,000 population)","SH.STA.SUIC.P5","","","","","","","","","","","","","","","","","","","","","","","","","","","","","","","","","","","","","","","","","","","","","","","","","","","","","","","","","","","","","",
"Ireland","IRL","Suicide mortality rate (per 100,000 population)","SH.STA.SUIC.P5","","","","","","","","","","","","","","","","","","","","","","","","","","","","","","","","","","","","","","","","","12.4","","","","","11.9","","","","","12","","","","","11.5","11.5","","","","",
"Iran, Islamic Rep.","IRN","Suicide mortality rate (per 100,000 population)","SH.STA.SUIC.P5","","","","","","","","","","","","","","","","","","","","","","","","","","","","","","","","","","","","","","","","","10.7","","","","","10.7","","","","","6.6","","","","","4","4.1","","","","",
"Iraq","IRQ","Suicide mortality rate (per 100,000 population)","SH.STA.SUIC.P5","","","","","","","","","","","","","","","","","","","","","","","","","","","","","","","","","","","","","","","","","2.7","","","","","2.5","","","","","2.8","","","","","3.1","3","","","","",
"Iceland","ISL","Suicide mortality rate (per 100,000 population)","SH.STA.SUIC.P5","","","","","","","","","","","","","","","","","","","","","","","","","","","","","","","","","","","","","","","","","16.2","","","","","12.2","","","","","13.3","","","","","14","14","","","","",
"Israel","ISR","Suicide mortality rate (per 100,000 population)","SH.STA.SUIC.P5","","","","","","","","","","","","","","","","","","","","","","","","","","","","","","","","","","","","","","","","","7.5","","","","","7.6","","","","","7.3","","","","","5","5.4","","","","",
"Italy","ITA","Suicide mortality rate (per 100,000 population)","SH.STA.SUIC.P5","","","","","","","","","","","","","","","","","","","","","","","","","","","","","","","","","","","","","","","","","7.8","","","","","7","","","","","7.5","","","","","8","8.2","","","","",
"Jamaica","JAM","Suicide mortality rate (per 100,000 population)","SH.STA.SUIC.P5","","","","","","","","","","","","","","","","","","","","","","","","","","","","","","","","","","","","","","","","","2.3","","","","","1.9","","","","","2","","","","","2.1","2.2","","","","",
"Jordan","JOR","Suicide mortality rate (per 100,000 population)","SH.STA.SUIC.P5","","","","","","","","","","","","","","","","","","","","","","","","","","","","","","","","","","","","","","","","","3.4","","","","","3.1","","","","","2.8","","","","","2.9","2.9","","","","",
"Japan","JPN","Suicide mortality rate (per 100,000 population)","SH.STA.SUIC.P5","","","","","","","","","","","","","","","","","","","","","","","","","","","","","","","","","","","","","","","","","24.7","","","","","24.9","","","","","24.4","","","","","19.4","18.5","","","","",
"Kazakhstan","KAZ","Suicide mortality rate (per 100,000 population)","SH.STA.SUIC.P5","","","","","","","","","","","","","","","","","","","","","","","","","","","","","","","","","","","","","","","","","34","","","","","39.4","","","","","32.7","","","","","24.9","22.5","","","","",
"Kenya","KEN","Suicide mortality rate (per 100,000 population)","SH.STA.SUIC.P5","","","","","","","","","","","","","","","","","","","","","","","","","","","","","","","","","","","","","","","","","4.4","","","","","3.9","","","","","3.1","","","","","3.1","3.2","","","","",
"Kyrgyz Republic","KGZ","Suicide mortality rate (per 100,000 population)","SH.STA.SUIC.P5","","","","","","","","","","","","","","","","","","","","","","","","","","","","","","","","","","","","","","","","","12.6","","","","","10.9","","","","","11.3","","","","","8.1","8.3","","","","",
"Cambodia","KHM","Suicide mortality rate (per 100,000 population)","SH.STA.SUIC.P5","","","","","","","","","","","","","","","","","","","","","","","","","","","","","","","","","","","","","","","","","5.6","","","","","5.9","","","","","5.4","","","","","5.3","5.3","","","","",
"Kiribati","KIR","Suicide mortality rate (per 100,000 population)","SH.STA.SUIC.P5","","","","","","","","","","","","","","","","","","","","","","","","","","","","","","","","","","","","","","","","","13.7","","","","","13.9","","","","","14.5","","","","","14.5","14.4","","","","",
"St. Kitts and Nevis","KNA","Suicide mortality rate (per 100,000 population)","SH.STA.SUIC.P5","","","","","","","","","","","","","","","","","","","","","","","","","","","","","","","","","","","","","","","","","","","","","","","","","","","","","","","","","","","","","",
"Korea, Rep.","KOR","Suicide mortality rate (per 100,000 population)","SH.STA.SUIC.P5","","","","","","","","","","","","","","","","","","","","","","","","","","","","","","","","","","","","","","","","","14.8","","","","","26.8","","","","","34.1","","","","","28.3","26.9","","","","",
"Kuwait","KWT","Suicide mortality rate (per 100,000 population)","SH.STA.SUIC.P5","","","","","","","","","","","","","","","","","","","","","","","","","","","","","","","","","","","","","","","","","2","","","","","2.3","","","","","1.9","","","","","2.3","2.3","","","","",
"Latin America & Caribbean (excluding high income)","LAC","Suicide mortality rate (per 100,000 population)","SH.STA.SUIC.P5","","","","","","","","","","","","","","","","","","","","","","","","","","","","","","","","","","","","","","","","","6.23574687314706","","","","","6.26467371140394","","","","","6.30815561694778","","","","","6.95413783048722","6.70492979253607","","","","",
"Lao PDR","LAO","Suicide mortality rate (per 100,000 population)","SH.STA.SUIC.P5","","","","","","","","","","","","","","","","","","","","","","","","","","","","","","","","","","","","","","","","","10.1","","","","","9.4","","","","","8.9","","","","","8.5","8.6","","","","",
"Lebanon","LBN","Suicide mortality rate (per 100,000 population)","SH.STA.SUIC.P5","","","","","","","","","","","","","","","","","","","","","","","","","","","","","","","","","","","","","","","","","3","","","","","3.1","","","","","3.2","","","","","3.3","3.3","","","","",
"Liberia","LBR","Suicide mortality rate (per 100,000 population)","SH.STA.SUIC.P5","","","","","","","","","","","","","","","","","","","","","","","","","","","","","","","","","","","","","","","","","5.7","","","","","6.8","","","","","6.5","","","","","6.5","6.8","","","","",
"Libya","LBY","Suicide mortality rate (per 100,000 population)","SH.STA.SUIC.P5","","","","","","","","","","","","","","","","","","","","","","","","","","","","","","","","","","","","","","","","","5.3","","","","","5.6","","","","","5.4","","","","","4.2","5.2","","","","",
"St. Lucia","LCA","Suicide mortality rate (per 100,000 population)","SH.STA.SUIC.P5","","","","","","","","","","","","","","","","","","","","","","","","","","","","","","","","","","","","","","","","","6.4","","","","","3","","","","","6.1","","","","","7.8","7.8","","","","",
"Latin America & Caribbean","LCN","Suicide mortality rate (per 100,000 population)","SH.STA.SUIC.P5","","","","","","","","","","","","","","","","","","","","","","","","","","","","","","","","","","","","","","","","","6.46068272954098","","","","","6.45609006044747","","","","","6.54440905474969","","","","","7.12573124366743","6.87565136886651","","","","",
"Least developed countries: UN classification","LDC","Suicide mortality rate (per 100,000 population)","SH.STA.SUIC.P5","","","","","","","","","","","","","","","","","","","","","","","","","","","","","","","","","","","","","","","","","7.65480527192619","","","","","7.24813841160662","","","","","6.81623764868633","","","","","6.61413723969109","6.57523993810354","","","","",
"Low income","LIC","Suicide mortality rate (per 100,000 population)","SH.STA.SUIC.P5","","","","","","","","","","","","","","","","","","","","","","","","","","","","","","","","","","","","","","","","","7.34760490468575","","","","","7.18440138770315","","","","","6.79847999311554","","","","","6.67541842899875","6.67724042057081","","","","",
"Liechtenstein","LIE","Suicide mortality rate (per 100,000 population)","SH.STA.SUIC.P5","","","","","","","","","","","","","","","","","","","","","","","","","","","","","","","","","","","","","","","","","","","","","","","","","","","","","","","","","","","","","",
"Sri Lanka","LKA","Suicide mortality rate (per 100,000 population)","SH.STA.SUIC.P5","","","","","","","","","","","","","","","","","","","","","","","","","","","","","","","","","","","","","","","","","28.8","","","","","23.1","","","","","19.1","","","","","14.8","14.6","","","","",
"Lower middle income","LMC","Suicide mortality rate (per 100,000 population)","SH.STA.SUIC.P5","","","","","","","","","","","","","","","","","","","","","","","","","","","","","","","","","","","","","","","","","12.8290272085679","","","","","12.5412956300811","","","","","11.6754721169783","","","","","11.3977307330694","11.2568436803884","","","","",
"Low & middle income","LMY","Suicide mortality rate (per 100,000 population)","SH.STA.SUIC.P5","","","","","","","","","","","","","","","","","","","","","","","","","","","","","","","","","","","","","","","","","12.5554085134366","","","","","11.8553152988665","","","","","10.7986907609107","","","","","10.0779627919461","9.97015605907558","","","","",
"Lesotho","LSO","Suicide mortality rate (per 100,000 population)","SH.STA.SUIC.P5","","","","","","","","","","","","","","","","","","","","","","","","","","","","","","","","","","","","","","","","","18","","","","","18.6","","","","","20.1","","","","","21","21.2","","","","",
"Late-demographic dividend","LTE","Suicide mortality rate (per 100,000 population)","SH.STA.SUIC.P5","","","","","","","","","","","","","","","","","","","","","","","","","","","","","","","","","","","","","","","","","15.0250341876746","","","","","13.7103368103981","","","","","12.3437399178898","","","","","10.8611759184693","10.7879088281235","","","","",
"Lithuania","LTU","Suicide mortality rate (per 100,000 population)","SH.STA.SUIC.P5","","","","","","","","","","","","","","","","","","","","","","","","","","","","","","","","","","","","","","","","","50.7","","","","","43.9","","","","","37.3","","","","","34.9","31.9","","","","",
"Luxembourg","LUX","Suicide mortality rate (per 100,000 population)","SH.STA.SUIC.P5","","","","","","","","","","","","","","","","","","","","","","","","","","","","","","","","","","","","","","","","","16.8","","","","","14.3","","","","","12.9","","","","","14.7","13.5","","","","",
"Latvia","LVA","Suicide mortality rate (per 100,000 population)","SH.STA.SUIC.P5","","","","","","","","","","","","","","","","","","","","","","","","","","","","","","","","","","","","","","","","","34.7","","","","","26.7","","","","","22.7","","","","","21.6","21.2","","","","",
"Macao SAR, China","MAC","Suicide mortality rate (per 100,000 population)","SH.STA.SUIC.P5","","","","","","","","","","","","","","","","","","","","","","","","","","","","","","","","","","","","","","","","","","","","","","","","","","","","","","","","","","","","","",
"St. Martin (French part)","MAF","Suicide mortality rate (per 100,000 population)","SH.STA.SUIC.P5","","","","","","","","","","","","","","","","","","","","","","","","","","","","","","","","","","","","","","","","","","","","","","","","","","","","","","","","","","","","","",
"Morocco","MAR","Suicide mortality rate (per 100,000 population)","SH.STA.SUIC.P5","","","","","","","","","","","","","","","","","","","","","","","","","","","","","","","","","","","","","","","","","6.9","","","","","5.3","","","","","3.7","","","","","2.9","2.9","","","","",
"Monaco","MCO","Suicide mortality rate (per 100,000 population)","SH.STA.SUIC.P5","","","","","","","","","","","","","","","","","","","","","","","","","","","","","","","","","","","","","","","","","","","","","","","","","","","","","","","","","","","","","",
"Moldova","MDA","Suicide mortality rate (per 100,000 population)","SH.STA.SUIC.P5","","","","","","","","","","","","","","","","","","","","","","","","","","","","","","","","","","","","","","","","","16.4","","","","","19.2","","","","","20.9","","","","","16.4","15.9","","","","",
"Madagascar","MDG","Suicide mortality rate (per 100,000 population)","SH.STA.SUIC.P5","","","","","","","","","","","","","","","","","","","","","","","","","","","","","","","","","","","","","","","","","4.7","","","","","4.5","","","","","4.3","","","","","4","3.9","","","","",
"Maldives","MDV","Suicide mortality rate (per 100,000 population)","SH.STA.SUIC.P5","","","","","","","","","","","","","","","","","","","","","","","","","","","","","","","","","","","","","","","","","4.4","","","","","3.3","","","","","3.2","","","","","2.6","2.3","","","","",
"Middle East & North Africa","MEA","Suicide mortality rate (per 100,000 population)","SH.STA.SUIC.P5","","","","","","","","","","","","","","","","","","","","","","","","","","","","","","","","","","","","","","","","","5.41543443585385","","","","","5.29356129015447","","","","","4.3850556877998","","","","","3.81563516656195","3.89047498344363","","","","",
"Mexico","MEX","Suicide mortality rate (per 100,000 population)","SH.STA.SUIC.P5","","","","","","","","","","","","","","","","","","","","","","","","","","","","","","","","","","","","","","","","","3.6","","","","","4.3","","","","","4.6","","","","","5.6","5.1","","","","",
"Marshall Islands","MHL","Suicide mortality rate (per 100,000 population)","SH.STA.SUIC.P5","","","","","","","","","","","","","","","","","","","","","","","","","","","","","","","","","","","","","","","","","","","","","","","","","","","","","","","","","","","","","",
"Middle income","MIC","Suicide mortality rate (per 100,000 population)","SH.STA.SUIC.P5","","","","","","","","","","","","","","","","","","","","","","","","","","","","","","","","","","","","","","","","","13.0096432277532","","","","","12.2957752376034","","","","","11.2069399457321","","","","","10.4499854253975","10.335308997414","","","","",
"North Macedonia","MKD","Suicide mortality rate (per 100,000 population)","SH.STA.SUIC.P5","","","","","","","","","","","","","","","","","","","","","","","","","","","","","","","","","","","","","","","","","7.7","","","","","7.2","","","","","5.9","","","","","7.8","7.9","","","","",
"Mali","MLI","Suicide mortality rate (per 100,000 population)","SH.STA.SUIC.P5","","","","","","","","","","","","","","","","","","","","","","","","","","","","","","","","","","","","","","","","","5.5","","","","","4.9","","","","","4.8","","","","","4.8","4.8","","","","",
"Malta","MLT","Suicide mortality rate (per 100,000 population)","SH.STA.SUIC.P5","","","","","","","","","","","","","","","","","","","","","","","","","","","","","","","","","","","","","","","","","6.5","","","","","5.6","","","","","8","","","","","8","7.5","","","","",
"Myanmar","MMR","Suicide mortality rate (per 100,000 population)","SH.STA.SUIC.P5","","","","","","","","","","","","","","","","","","","","","","","","","","","","","","","","","","","","","","","","","7.3","","","","","7.7","","","","","7.3","","","","","7.6","7.8","","","","",
"Middle East & North Africa (excluding high income)","MNA","Suicide mortality rate (per 100,000 population)","SH.STA.SUIC.P5","","","","","","","","","","","","","","","","","","","","","","","","","","","","","","","","","","","","","","","","","5.62281232256564","","","","","5.49402403516323","","","","","4.44723630185121","","","","","3.84899582674667","3.92944110699236","","","","",
"Montenegro","MNE","Suicide mortality rate (per 100,000 population)","SH.STA.SUIC.P5","","","","","","","","","","","","","","","","","","","","","","","","","","","","","","","","","","","","","","","","","10.4","","","","","11.4","","","","","10.4","","","","","10","10.3","","","","",
"Mongolia","MNG","Suicide mortality rate (per 100,000 population)","SH.STA.SUIC.P5","","","","","","","","","","","","","","","","","","","","","","","","","","","","","","","","","","","","","","","","","17.9","","","","","17.1","","","","","16.6","","","","","13.1","13","","","","",
"Northern Mariana Islands","MNP","Suicide mortality rate (per 100,000 population)","SH.STA.SUIC.P5","","","","","","","","","","","","","","","","","","","","","","","","","","","","","","","","","","","","","","","","","","","","","","","","","","","","","","","","","","","","","",
"Mozambique","MOZ","Suicide mortality rate (per 100,000 population)","SH.STA.SUIC.P5","","","","","","","","","","","","","","","","","","","","","","","","","","","","","","","","","","","","","","","","","8.8","","","","","6.7","","","","","5.6","","","","","4.9","4.9","","","","",
"Mauritania","MRT","Suicide mortality rate (per 100,000 population)","SH.STA.SUIC.P5","","","","","","","","","","","","","","","","","","","","","","","","","","","","","","","","","","","","","","","","","3.4","","","","","3.5","","","","","3.9","","","","","4.3","4.4","","","","",
"Mauritius","MUS","Suicide mortality rate (per 100,000 population)","SH.STA.SUIC.P5","","","","","","","","","","","","","","","","","","","","","","","","","","","","","","","","","","","","","","","","","11.1","","","","","8.8","","","","","8.1","","","","","8.5","7.8","","","","",
"Malawi","MWI","Suicide mortality rate (per 100,000 population)","SH.STA.SUIC.P5","","","","","","","","","","","","","","","","","","","","","","","","","","","","","","","","","","","","","","","","","6.2","","","","","4.5","","","","","3.8","","","","","3.6","3.7","","","","",
"Malaysia","MYS","Suicide mortality rate (per 100,000 population)","SH.STA.SUIC.P5","","","","","","","","","","","","","","","","","","","","","","","","","","","","","","","","","","","","","","","","","5.3","","","","","5.4","","","","","5.1","","","","","5.4","5.5","","","","",
"North America","NAC","Suicide mortality rate (per 100,000 population)","SH.STA.SUIC.P5","","","","","","","","","","","","","","","","","","","","","","","","","","","","","","","","","","","","","","","","","11.4667446091681","","","","","12.027888802426","","","","","13.1801909357113","","","","","14.7495152012539","15.0184059632699","","","","",
"Namibia","NAM","Suicide mortality rate (per 100,000 population)","SH.STA.SUIC.P5","","","","","","","","","","","","","","","","","","","","","","","","","","","","","","","","","","","","","","","","","10.9","","","","","10.4","","","","","10.4","","","","","9","8.7","","","","",
"New Caledonia","NCL","Suicide mortality rate (per 100,000 population)","SH.STA.SUIC.P5","","","","","","","","","","","","","","","","","","","","","","","","","","","","","","","","","","","","","","","","","","","","","","","","","","","","","","","","","","","","","",
"Niger","NER","Suicide mortality rate (per 100,000 population)","SH.STA.SUIC.P5","","","","","","","","","","","","","","","","","","","","","","","","","","","","","","","","","","","","","","","","","4.6","","","","","4.9","","","","","4.9","","","","","4.7","4.6","","","","",
"Nigeria","NGA","Suicide mortality rate (per 100,000 population)","SH.STA.SUIC.P5","","","","","","","","","","","","","","","","","","","","","","","","","","","","","","","","","","","","","","","","","10.2","","","","","9.6","","","","","10","","","","","9.6","9.5","","","","",
"Nicaragua","NIC","Suicide mortality rate (per 100,000 population)","SH.STA.SUIC.P5","","","","","","","","","","","","","","","","","","","","","","","","","","","","","","","","","","","","","","","","","17.2","","","","","14.4","","","","","12.5","","","","","12.2","12.2","","","","",
"Netherlands","NLD","Suicide mortality rate (per 100,000 population)","SH.STA.SUIC.P5","","","","","","","","","","","","","","","","","","","","","","","","","","","","","","","","","","","","","","","","","9.8","","","","","9.9","","","","","10","","","","","12.5","12.6","","","","",
"Norway","NOR","Suicide mortality rate (per 100,000 population)","SH.STA.SUIC.P5","","","","","","","","","","","","","","","","","","","","","","","","","","","","","","","","","","","","","","","","","13.3","","","","","12.7","","","","","12.6","","","","","12.4","12.2","","","","",
"Nepal","NPL","Suicide mortality rate (per 100,000 population)","SH.STA.SUIC.P5","","","","","","","","","","","","","","","","","","","","","","","","","","","","","","","","","","","","","","","","","15.4","","","","","12.5","","","","","10.5","","","","","9.1","8.8","","","","",
"Nauru","NRU","Suicide mortality rate (per 100,000 population)","SH.STA.SUIC.P5","","","","","","","","","","","","","","","","","","","","","","","","","","","","","","","","","","","","","","","","","","","","","","","","","","","","","","","","","","","","","",
"New Zealand","NZL","Suicide mortality rate (per 100,000 population)","SH.STA.SUIC.P5","","","","","","","","","","","","","","","","","","","","","","","","","","","","","","","","","","","","","","","","","12.9","","","","","13.3","","","","","13","","","","","12.1","12.1","","","","",
"OECD members","OED","Suicide mortality rate (per 100,000 population)","SH.STA.SUIC.P5","","","","","","","","","","","","","","","","","","","","","","","","","","","","","","","","","","","","","","","","","13.223233776854","","","","","13.4407385807488","","","","","13.826547727395","","","","","13.3745156566903","13.2060145086107","","","","",
"Oman","OMN","Suicide mortality rate (per 100,000 population)","SH.STA.SUIC.P5","","","","","","","","","","","","","","","","","","","","","","","","","","","","","","","","","","","","","","","","","4.3","","","","","3.4","","","","","3.7","","","","","4.1","3.9","","","","",
"Other small states","OSS","Suicide mortality rate (per 100,000 population)","SH.STA.SUIC.P5","","","","","","","","","","","","","","","","","","","","","","","","","","","","","","","","","","","","","","","","","10.7950259913651","","","","","9.70686568017997","","","","","9.36170297881456","","","","","9.05596562989863","9.06934698210314","","","","",
"Pakistan","PAK","Suicide mortality rate (per 100,000 population)","SH.STA.SUIC.P5","","","","","","","","","","","","","","","","","","","","","","","","","","","","","","","","","","","","","","","","","3.4","","","","","3.5","","","","","3.1","","","","","2.9","2.9","","","","",
"Panama","PAN","Suicide mortality rate (per 100,000 population)","SH.STA.SUIC.P5","","","","","","","","","","","","","","","","","","","","","","","","","","","","","","","","","","","","","","","","","6","","","","","6.3","","","","","5.1","","","","","3.9","4.3","","","","",
"Peru","PER","Suicide mortality rate (per 100,000 population)","SH.STA.SUIC.P5","","","","","","","","","","","","","","","","","","","","","","","","","","","","","","","","","","","","","","","","","5.1","","","","","4.6","","","","","4.6","","","","","4.9","4.9","","","","",
"Philippines","PHL","Suicide mortality rate (per 100,000 population)","SH.STA.SUIC.P5","","","","","","","","","","","","","","","","","","","","","","","","","","","","","","","","","","","","","","","","","2.5","","","","","2.6","","","","","3.3","","","","","3.2","3.2","","","","",
"Palau","PLW","Suicide mortality rate (per 100,000 population)","SH.STA.SUIC.P5","","","","","","","","","","","","","","","","","","","","","","","","","","","","","","","","","","","","","","","","","","","","","","","","","","","","","","","","","","","","","",
"Papua New Guinea","PNG","Suicide mortality rate (per 100,000 population)","SH.STA.SUIC.P5","","","","","","","","","","","","","","","","","","","","","","","","","","","","","","","","","","","","","","","","","7.1","","","","","5.8","","","","","5.4","","","","","6","6","","","","",
"Poland","POL","Suicide mortality rate (per 100,000 population)","SH.STA.SUIC.P5","","","","","","","","","","","","","","","","","","","","","","","","","","","","","","","","","","","","","","","","","16.9","","","","","17.7","","","","","18.6","","","","","15.8","16.2","","","","",
"Pre-demographic dividend","PRE","Suicide mortality rate (per 100,000 population)","SH.STA.SUIC.P5","","","","","","","","","","","","","","","","","","","","","","","","","","","","","","","","","","","","","","","","","7.80432066700991","","","","","7.37155590796771","","","","","7.15744653646733","","","","","7.01522005839051","6.98947452858438","","","","",
"Puerto Rico","PRI","Suicide mortality rate (per 100,000 population)","SH.STA.SUIC.P5","","","","","","","","","","","","","","","","","","","","","","","","","","","","","","","","","","","","","","","","","","","","","","","","","","","","","","","","","","","","","",
"Korea, Dem. People’s Rep.","PRK","Suicide mortality rate (per 100,000 population)","SH.STA.SUIC.P5","","","","","","","","","","","","","","","","","","","","","","","","","","","","","","","","","","","","","","","","","10","","","","","10.9","","","","","11.9","","","","","11.4","11.2","","","","",
"Portugal","PRT","Suicide mortality rate (per 100,000 population)","SH.STA.SUIC.P5","","","","","","","","","","","","","","","","","","","","","","","","","","","","","","","","","","","","","","","","","7.5","","","","","11.1","","","","","13.5","","","","","13.8","14","","","","",
"Paraguay","PRY","Suicide mortality rate (per 100,000 population)","SH.STA.SUIC.P5","","","","","","","","","","","","","","","","","","","","","","","","","","","","","","","","","","","","","","","","","10.1","","","","","10.1","","","","","9.3","","","","","9.9","9.5","","","","",
"West Bank and Gaza","PSE","Suicide mortality rate (per 100,000 population)","SH.STA.SUIC.P5","","","","","","","","","","","","","","","","","","","","","","","","","","","","","","","","","","","","","","","","","","","","","","","","","","","","","","","","","","","","","",
"Pacific island small states","PSS","Suicide mortality rate (per 100,000 population)","SH.STA.SUIC.P5","","","","","","","","","","","","","","","","","","","","","","","","","","","","","","","","","","","","","","","","","7.24892915285314","","","","","5.90813292657673","","","","","5.81802130810417","","","","","5.57907030324405","5.4966503144099","","","","",
"Post-demographic dividend","PST","Suicide mortality rate (per 100,000 population)","SH.STA.SUIC.P5","","","","","","","","","","","","","","","","","","","","","","","","","","","","","","","","","","","","","","","","","16.161553868506","","","","","16.1656175445997","","","","","16.1067511127893","","","","","15.3980057893874","15.2678831323186","","","","",
"French Polynesia","PYF","Suicide mortality rate (per 100,000 population)","SH.STA.SUIC.P5","","","","","","","","","","","","","","","","","","","","","","","","","","","","","","","","","","","","","","","","","","","","","","","","","","","","","","","","","","","","","",
"Qatar","QAT","Suicide mortality rate (per 100,000 population)","SH.STA.SUIC.P5","","","","","","","","","","","","","","","","","","","","","","","","","","","","","","","","","","","","","","","","","3.4","","","","","3.2","","","","","6.1","","","","","6.5","6.6","","","","",
"Romania","ROU","Suicide mortality rate (per 100,000 population)","SH.STA.SUIC.P5","","","","","","","","","","","","","","","","","","","","","","","","","","","","","","","","","","","","","","","","","13.2","","","","","12.5","","","","","14","","","","","11.6","10.4","","","","",
"Russian Federation","RUS","Suicide mortality rate (per 100,000 population)","SH.STA.SUIC.P5","","","","","","","","","","","","","","","","","","","","","","","","","","","","","","","","","","","","","","","","","52.6","","","","","51.6","","","","","40","","","","","32.1","31","","","","",
"Rwanda","RWA","Suicide mortality rate (per 100,000 population)","SH.STA.SUIC.P5","","","","","","","","","","","","","","","","","","","","","","","","","","","","","","","","","","","","","","","","","15.6","","","","","10.9","","","","","7.5","","","","","6.8","6.7","","","","",
"South Asia","SAS","Suicide mortality rate (per 100,000 population)","SH.STA.SUIC.P5","","","","","","","","","","","","","","","","","","","","","","","","","","","","","","","","","","","","","","","","","14.9252243659248","","","","","14.8656137454192","","","","","13.8483644844663","","","","","13.6502728723806","13.458530667207","","","","",
"Saudi Arabia","SAU","Suicide mortality rate (per 100,000 population)","SH.STA.SUIC.P5","","","","","","","","","","","","","","","","","","","","","","","","","","","","","","","","","","","","","","","","","2.8","","","","","3","","","","","3.4","","","","","3.2","3.2","","","","",
"Sudan","SDN","Suicide mortality rate (per 100,000 population)","SH.STA.SUIC.P5","","","","","","","","","","","","","","","","","","","","","","","","","","","","","","","","","","","","","","","","","7.9","","","","","8.4","","","","","8","","","","","8","8.1","","","","",
"Senegal","SEN","Suicide mortality rate (per 100,000 population)","SH.STA.SUIC.P5","","","","","","","","","","","","","","","","","","","","","","","","","","","","","","","","","","","","","","","","","7.7","","","","","8.1","","","","","6.9","","","","","6.2","6","","","","",
"Singapore","SGP","Suicide mortality rate (per 100,000 population)","SH.STA.SUIC.P5","","","","","","","","","","","","","","","","","","","","","","","","","","","","","","","","","","","","","","","","","12.4","","","","","11.6","","","","","10","","","","","9","9.9","","","","",
"Solomon Islands","SLB","Suicide mortality rate (per 100,000 population)","SH.STA.SUIC.P5","","","","","","","","","","","","","","","","","","","","","","","","","","","","","","","","","","","","","","","","","11.2","","","","","7.6","","","","","5.8","","","","","4.9","4.7","","","","",
"Sierra Leone","SLE","Suicide mortality rate (per 100,000 population)","SH.STA.SUIC.P5","","","","","","","","","","","","","","","","","","","","","","","","","","","","","","","","","","","","","","","","","11.1","","","","","10.4","","","","","9.2","","","","","9.3","9.7","","","","",
"El Salvador","SLV","Suicide mortality rate (per 100,000 population)","SH.STA.SUIC.P5","","","","","","","","","","","","","","","","","","","","","","","","","","","","","","","","","","","","","","","","","13.4","","","","","9.9","","","","","10.8","","","","","14","13.7","","","","",
"San Marino","SMR","Suicide mortality rate (per 100,000 population)","SH.STA.SUIC.P5","","","","","","","","","","","","","","","","","","","","","","","","","","","","","","","","","","","","","","","","","","","","","","","","","","","","","","","","","","","","","",
"Somalia","SOM","Suicide mortality rate (per 100,000 population)","SH.STA.SUIC.P5","","","","","","","","","","","","","","","","","","","","","","","","","","","","","","","","","","","","","","","","","4.7","","","","","4.8","","","","","4.3","","","","","4.7","4.7","","","","",
"Serbia","SRB","Suicide mortality rate (per 100,000 population)","SH.STA.SUIC.P5","","","","","","","","","","","","","","","","","","","","","","","","","","","","","","","","","","","","","","","","","21","","","","","18.8","","","","","15.9","","","","","15","15.6","","","","",
"Sub-Saharan Africa (excluding high income)","SSA","Suicide mortality rate (per 100,000 population)","SH.STA.SUIC.P5","","","","","","","","","","","","","","","","","","","","","","","","","","","","","","","","","","","","","","","","","8.45215480252008","","","","","8.0266358912059","","","","","7.74680364371337","","","","","7.56733074094192","7.53926545685647","","","","",
"South Sudan","SSD","Suicide mortality rate (per 100,000 population)","SH.STA.SUIC.P5","","","","","","","","","","","","","","","","","","","","","","","","","","","","","","","","","","","","","","","","","4.8","","","","","4.6","","","","","4.1","","","","","3.7","3.7","","","","",
"Sub-Saharan Africa","SSF","Suicide mortality rate (per 100,000 population)","SH.STA.SUIC.P5","","","","","","","","","","","","","","","","","","","","","","","","","","","","","","","","","","","","","","","","","8.45690849677852","","","","","8.0280047020898","","","","","7.7474826162272","","","","","7.56868569348806","7.53975065904915","","","","",
"Small states","SST","Suicide mortality rate (per 100,000 population)","SH.STA.SUIC.P5","","","","","","","","","","","","","","","","","","","","","","","","","","","","","","","","","","","","","","","","","10.1899945731218","","","","","9.2573185524584","","","","","9.13319814985348","","","","","8.86516078668353","8.86510902645263","","","","",
"Sao Tome and Principe","STP","Suicide mortality rate (per 100,000 population)","SH.STA.SUIC.P5","","","","","","","","","","","","","","","","","","","","","","","","","","","","","","","","","","","","","","","","","2","","","","","1.8","","","","","2","","","","","2.3","2.3","","","","",
"Suriname","SUR","Suicide mortality rate (per 100,000 population)","SH.STA.SUIC.P5","","","","","","","","","","","","","","","","","","","","","","","","","","","","","","","","","","","","","","","","","23.5","","","","","26.5","","","","","27","","","","","23.8","22.8","","","","",
"Slovak Republic","SVK","Suicide mortality rate (per 100,000 population)","SH.STA.SUIC.P5","","","","","","","","","","","","","","","","","","","","","","","","","","","","","","","","","","","","","","","","","14.4","","","","","13.8","","","","","13.9","","","","","12.8","12.8","","","","",
"Slovenia","SVN","Suicide mortality rate (per 100,000 population)","SH.STA.SUIC.P5","","","","","","","","","","","","","","","","","","","","","","","","","","","","","","","","","","","","","","","","","32.4","","","","","27.1","","","","","20.7","","","","","21","18.6","","","","",
"Sweden","SWE","Suicide mortality rate (per 100,000 population)","SH.STA.SUIC.P5","","","","","","","","","","","","","","","","","","","","","","","","","","","","","","","","","","","","","","","","","15.6","","","","","16.4","","","","","15.3","","","","","15.7","14.8","","","","",
"Eswatini","SWZ","Suicide mortality rate (per 100,000 population)","SH.STA.SUIC.P5","","","","","","","","","","","","","","","","","","","","","","","","","","","","","","","","","","","","","","","","","11.6","","","","","12","","","","","11.9","","","","","13.1","13.3","","","","",
"Sint Maarten (Dutch part)","SXM","Suicide mortality rate (per 100,000 population)","SH.STA.SUIC.P5","","","","","","","","","","","","","","","","","","","","","","","","","","","","","","","","","","","","","","","","","","","","","","","","","","","","","","","","","","","","","",
"Seychelles","SYC","Suicide mortality rate (per 100,000 population)","SH.STA.SUIC.P5","","","","","","","","","","","","","","","","","","","","","","","","","","","","","","","","","","","","","","","","","8.7","","","","","9.1","","","","","9.4","","","","","9.4","9.3","","","","",
"Syrian Arab Republic","SYR","Suicide mortality rate (per 100,000 population)","SH.STA.SUIC.P5","","","","","","","","","","","","","","","","","","","","","","","","","","","","","","","","","","","","","","","","","1.3","","","","","1.6","","","","","1.9","","","","","1.9","1.9","","","","",
"Turks and Caicos Islands","TCA","Suicide mortality rate (per 100,000 population)","SH.STA.SUIC.P5","","","","","","","","","","","","","","","","","","","","","","","","","","","","","","","","","","","","","","","","","","","","","","","","","","","","","","","","","","","","","",
"Chad","TCD","Suicide mortality rate (per 100,000 population)","SH.STA.SUIC.P5","","","","","","","","","","","","","","","","","","","","","","","","","","","","","","","","","","","","","","","","","8","","","","","8.5","","","","","8.7","","","","","8.9","8.8","","","","",
"East Asia & Pacific (IDA & IBRD countries)","TEA","Suicide mortality rate (per 100,000 population)","SH.STA.SUIC.P5","","","","","","","","","","","","","","","","","","","","","","","","","","","","","","","","","","","","","","","","","11.1151929587818","","","","","9.87421947277649","","","","","9.31716324729664","","","","","8.37053872138019","8.43495445055991","","","","",
"Europe & Central Asia (IDA & IBRD countries)","TEC","Suicide mortality rate (per 100,000 population)","SH.STA.SUIC.P5","","","","","","","","","","","","","","","","","","","","","","","","","","","","","","","","","","","","","","","","","29.4771874305746","","","","","28.4855685751171","","","","","23.3284707247245","","","","","18.9913731196221","18.3955326872149","","","","",
"Togo","TGO","Suicide mortality rate (per 100,000 population)","SH.STA.SUIC.P5","","","","","","","","","","","","","","","","","","","","","","","","","","","","","","","","","","","","","","","","","9.6","","","","","9.9","","","","","9.5","","","","","9.4","9.6","","","","",
"Thailand","THA","Suicide mortality rate (per 100,000 population)","SH.STA.SUIC.P5","","","","","","","","","","","","","","","","","","","","","","","","","","","","","","","","","","","","","","","","","16.2","","","","","12.7","","","","","14.3","","","","","14.6","14.4","","","","",
"Tajikistan","TJK","Suicide mortality rate (per 100,000 population)","SH.STA.SUIC.P5","","","","","","","","","","","","","","","","","","","","","","","","","","","","","","","","","","","","","","","","","3","","","","","2.9","","","","","2.5","","","","","2.5","2.5","","","","",
"Turkmenistan","TKM","Suicide mortality rate (per 100,000 population)","SH.STA.SUIC.P5","","","","","","","","","","","","","","","","","","","","","","","","","","","","","","","","","","","","","","","","","9.1","","","","","11.7","","","","","7.6","","","","","7.2","6.7","","","","",
"Latin America & the Caribbean (IDA & IBRD countries)","TLA","Suicide mortality rate (per 100,000 population)","SH.STA.SUIC.P5","","","","","","","","","","","","","","","","","","","","","","","","","","","","","","","","","","","","","","","","","6.22454907978127","","","","","6.32363529206146","","","","","6.39568759695539","","","","","7.00921575103138","6.75166081145025","","","","",
"Timor-Leste","TLS","Suicide mortality rate (per 100,000 population)","SH.STA.SUIC.P5","","","","","","","","","","","","","","","","","","","","","","","","","","","","","","","","","","","","","","","","","9.3","","","","","6.2","","","","","5.3","","","","","4.6","4.6","","","","",
"Middle East & North Africa (IDA & IBRD countries)","TMN","Suicide mortality rate (per 100,000 population)","SH.STA.SUIC.P5","","","","","","","","","","","","","","","","","","","","","","","","","","","","","","","","","","","","","","","","","5.62281232256564","","","","","5.49402403516323","","","","","4.44723630185121","","","","","3.84899582674667","3.92944110699236","","","","",
"Tonga","TON","Suicide mortality rate (per 100,000 population)","SH.STA.SUIC.P5","","","","","","","","","","","","","","","","","","","","","","","","","","","","","","","","","","","","","","","","","3.6","","","","","3.4","","","","","3.6","","","","","3.5","3.5","","","","",
"South Asia (IDA & IBRD)","TSA","Suicide mortality rate (per 100,000 population)","SH.STA.SUIC.P5","","","","","","","","","","","","","","","","","","","","","","","","","","","","","","","","","","","","","","","","","14.9252243659248","","","","","14.8656137454192","","","","","13.8483644844663","","","","","13.6502728723806","13.458530667207","","","","",
"Sub-Saharan Africa (IDA & IBRD countries)","TSS","Suicide mortality rate (per 100,000 population)","SH.STA.SUIC.P5","","","","","","","","","","","","","","","","","","","","","","","","","","","","","","","","","","","","","","","","","8.45690849677852","","","","","8.0280047020898","","","","","7.7474826162272","","","","","7.56868569348806","7.53975065904915","","","","",
"Trinidad and Tobago","TTO","Suicide mortality rate (per 100,000 population)","SH.STA.SUIC.P5","","","","","","","","","","","","","","","","","","","","","","","","","","","","","","","","","","","","","","","","","14.9","","","","","12.3","","","","","14.5","","","","","13.6","13.6","","","","",
"Tunisia","TUN","Suicide mortality rate (per 100,000 population)","SH.STA.SUIC.P5","","","","","","","","","","","","","","","","","","","","","","","","","","","","","","","","","","","","","","","","","3.5","","","","","3.6","","","","","3.6","","","","","3.4","3.4","","","","",
"Turkey","TUR","Suicide mortality rate (per 100,000 population)","SH.STA.SUIC.P5","","","","","","","","","","","","","","","","","","","","","","","","","","","","","","","","","","","","","","","","","7.2","","","","","7.6","","","","","8.4","","","","","7.3","7.3","","","","",
"Tuvalu","TUV","Suicide mortality rate (per 100,000 population)","SH.STA.SUIC.P5","","","","","","","","","","","","","","","","","","","","","","","","","","","","","","","","","","","","","","","","","","","","","","","","","","","","","","","","","","","","","",
"Tanzania","TZA","Suicide mortality rate (per 100,000 population)","SH.STA.SUIC.P5","","","","","","","","","","","","","","","","","","","","","","","","","","","","","","","","","","","","","","","","","6.9","","","","","5.5","","","","","5.3","","","","","5.4","5.4","","","","",
"Uganda","UGA","Suicide mortality rate (per 100,000 population)","SH.STA.SUIC.P5","","","","","","","","","","","","","","","","","","","","","","","","","","","","","","","","","","","","","","","","","11.1","","","","","10.5","","","","","10.5","","","","","9.9","9.9","","","","",
"Ukraine","UKR","Suicide mortality rate (per 100,000 population)","SH.STA.SUIC.P5","","","","","","","","","","","","","","","","","","","","","","","","","","","","","","","","","","","","","","","","","36.9","","","","","34.5","","","","","27.1","","","","","23.1","22.4","","","","",
"Upper middle income","UMC","Suicide mortality rate (per 100,000 population)","SH.STA.SUIC.P5","","","","","","","","","","","","","","","","","","","","","","","","","","","","","","","","","","","","","","","","","13.1681328191747","","","","","12.0707115304325","","","","","10.7589700560943","","","","","9.51117015431514","9.41628354503684","","","","",
"Uruguay","URY","Suicide mortality rate (per 100,000 population)","SH.STA.SUIC.P5","","","","","","","","","","","","","","","","","","","","","","","","","","","","","","","","","","","","","","","","","17.4","","","","","15.3","","","","","16.6","","","","","19.4","18.4","","","","",
"United States","USA","Suicide mortality rate (per 100,000 population)","SH.STA.SUIC.P5","","","","","","","","","","","","","","","","","","","","","","","","","","","","","","","","","","","","","","","","","11.3","","","","","11.9","","","","","13.2","","","","","15","15.3","","","","",
"Uzbekistan","UZB","Suicide mortality rate (per 100,000 population)","SH.STA.SUIC.P5","","","","","","","","","","","","","","","","","","","","","","","","","","","","","","","","","","","","","","","","","7.6","","","","","5.8","","","","","6","","","","","7.4","7.4","","","","",
"St. Vincent and the Grenadines","VCT","Suicide mortality rate (per 100,000 population)","SH.STA.SUIC.P5","","","","","","","","","","","","","","","","","","","","","","","","","","","","","","","","","","","","","","","","","6.3","","","","","9.9","","","","","3.3","","","","","2.7","2.4","","","","",
"Venezuela, RB","VEN","Suicide mortality rate (per 100,000 population)","SH.STA.SUIC.P5","","","","","","","","","","","","","","","","","","","","","","","","","","","","","","","","","","","","","","","","","8","","","","","5.9","","","","","4.3","","","","","3.8","3.7","","","","",
"British Virgin Islands","VGB","Suicide mortality rate (per 100,000 population)","SH.STA.SUIC.P5","","","","","","","","","","","","","","","","","","","","","","","","","","","","","","","","","","","","","","","","","","","","","","","","","","","","","","","","","","","","","",
"Virgin Islands (U.S.)","VIR","Suicide mortality rate (per 100,000 population)","SH.STA.SUIC.P5","","","","","","","","","","","","","","","","","","","","","","","","","","","","","","","","","","","","","","","","","","","","","","","","","","","","","","","","","","","","","",
"Vietnam","VNM","Suicide mortality rate (per 100,000 population)","SH.STA.SUIC.P5","","","","","","","","","","","","","","","","","","","","","","","","","","","","","","","","","","","","","","","","","6.7","","","","","6.7","","","","","7","","","","","7.2","7.3","","","","",
"Vanuatu","VUT","Suicide mortality rate (per 100,000 population)","SH.STA.SUIC.P5","","","","","","","","","","","","","","","","","","","","","","","","","","","","","","","","","","","","","","","","","7.3","","","","","5.7","","","","","5.1","","","","","4.5","4.5","","","","",
"World","WLD","Suicide mortality rate (per 100,000 population)","SH.STA.SUIC.P5","","","","","","","","","","","","","","","","","","","","","","","","","","","","","","","","","","","","","","","","","12.8792814407572","","","","","12.3172397903567","","","","","11.4799393345487","","","","","10.7523966061242","10.6396284270358","","","","",
"Samoa","WSM","Suicide mortality rate (per 100,000 population)","SH.STA.SUIC.P5","","","","","","","","","","","","","","","","","","","","","","","","","","","","","","","","","","","","","","","","","8.3","","","","","6.5","","","","","5","","","","","4.5","4.4","","","","",
"Kosovo","XKX","Suicide mortality rate (per 100,000 population)","SH.STA.SUIC.P5","","","","","","","","","","","","","","","","","","","","","","","","","","","","","","","","","","","","","","","","","","","","","","","","","","","","","","","","","","","","","",
"Yemen, Rep.","YEM","Suicide mortality rate (per 100,000 population)","SH.STA.SUIC.P5","","","","","","","","","","","","","","","","","","","","","","","","","","","","","","","","","","","","","","","","","6.8","","","","","8.1","","","","","8.8","","","","","8.6","8.5","","","","",
"South Africa","ZAF","Suicide mortality rate (per 100,000 population)","SH.STA.SUIC.P5","","","","","","","","","","","","","","","","","","","","","","","","","","","","","","","","","","","","","","","","","11.6","","","","","11.8","","","","","12.2","","","","","11.8","11.6","","","","",
"Zambia","ZMB","Suicide mortality rate (per 100,000 population)","SH.STA.SUIC.P5","","","","","","","","","","","","","","","","","","","","","","","","","","","","","","","","","","","","","","","","","8.1","","","","","6.5","","","","","6.3","","","","","6.1","6.1","","","","",
"Zimbabwe","ZWE","Suicide mortality rate (per 100,000 population)","SH.STA.SUIC.P5","","","","","","","","","","","","","","","","","","","","","","","","","","","","","","","","","","","","","","","","","12.9","","","","","13.9","","","","","11.9","","","","","10.6","10.7","","","","",
